1.140434741973876953e+01,1.165217399597167969e+00,6.347826123237609863e-01,1.062608718872070312e+01,5.499130249023437500e+01,8.217391371726989746e-01,9.817391395568847656e+00,1.430000019073486328e+01,1.152173876762390137e+00,6.434782743453979492e-01,1.926086902618408203e+00,1.086956501007080078e+00,3.469565153121948242e+00,9.782608747482299805e-01,3.156521797180175781e+00,1.256521701812744141e+00,3.368260955810546875e+01,1.126086950302124023e+00,5.582608699798583984e+00,1.117391347885131836e+00,6.865217208862304688e+00,1.578260898590087891e+00,7.565217614173889160e-01,7.030434608459472656e+00,9.130434989929199219e-01,2.413478279113769531e+01,1.065217375755310059e+00,1.282608747482299805e+00,1.365217447280883789e+00,8.726086616516113281e+00,1.419565200805664062e+01,1.839130401611328125e+00,7.913043498992919922e-01,6.434782743453979492e-01,3.521739244461059570e-01,6.347826123237609863e-01,2.117391347885131836e+00,4.043478369712829590e-01,2.082608699798583984e+00,6.043478250503540039e-01,1.003913021087646484e+01,7.478260993957519531e-01,2.730434894561767578e+00,2.839130401611328125e+00,4.217391312122344971e-01,2.830434799194335938e+00,3.895652055740356445e+00,7.826086878776550293e-01,1.652173876762390137e+00,4.043478369712829590e-01,1.000000000000000000e+00
2.531094551086425781e+01,8.457711338996887207e-01,6.616915464401245117e-01,4.338308334350585938e+00,3.043781089782714844e+01,8.009950518608093262e-01,7.815920352935791016e+00,2.042288589477539062e+01,1.865671634674072266e+00,7.537313699722290039e-01,7.985074520111083984e-01,5.671641826629638672e-01,1.390547275543212891e+00,1.529850721359252930e+00,9.452736377716064453e-01,6.517412662506103516e-01,2.993034744262695312e+01,8.830845952033996582e-01,9.425373077392578125e+00,6.194030046463012695e-01,7.768656730651855469e+00,1.203980088233947754e+00,3.358208835124969482e-01,5.554726600646972656e+00,6.442785859107971191e-01,1.685820960998535156e+01,5.970149040222167969e-01,7.686567306518554688e-01,1.405472636222839355e+00,1.062935352325439453e+01,6.159204006195068359e+00,8.631840944290161133e-01,1.087064623832702637e+00,9.104477763175964355e-01,3.358208835124969482e-01,3.283582031726837158e-01,1.619403004646301270e+00,8.507462739944458008e-01,2.462686538696289062e+00,5.472636818885803223e-01,5.199005126953125000e+00,7.363184094429016113e-01,2.599502563476562500e+00,2.883084535598754883e+00,2.537313401699066162e-01,1.915422916412353516e+00,3.034825801849365234e+00,6.542288661003112793e-01,1.368159174919128418e+00,6.194030046463012695e-01,1.000000000000000000e+00
4.759313583374023438e+01,1.176470637321472168e+00,7.696078419685363770e-01,1.818627476692199707e+00,2.828431367874145508e+00,1.049019575119018555e+00,7.651960849761962891e+00,4.803921699523925781e+00,7.401960492134094238e-01,6.470588445663452148e-01,2.058823555707931519e-01,7.647058963775634766e-01,1.274509876966476440e-01,6.862745285034179688e-01,9.656862616539001465e-01,1.960784345865249634e-01,7.115686035156250000e+01,1.794117689132690430e+00,1.877941131591796875e+01,6.764705777168273926e-01,1.698039245605468750e+01,1.029411792755126953e+00,2.156862765550613403e-01,6.617647171020507812e+00,5.441176295280456543e-01,1.817156791687011719e+01,2.303921580314636230e-01,7.843137383460998535e-01,1.200980424880981445e+00,2.148039245605468750e+01,1.401960730552673340e+00,1.607843160629272461e+00,2.254901885986328125e+00,9.215686321258544922e-01,8.725489974021911621e-01,4.068627357482910156e-01,1.044117689132690430e+00,2.598039209842681885e-01,1.147058844566345215e+00,3.328431367874145508e+00,1.038235282897949219e+01,1.416666626930236816e+00,1.210784316062927246e+00,5.318627357482910156e+00,2.745098173618316650e-01,7.156862616539001465e-01,3.769607782363891602e+00,5.343137383460998535e-01,1.093137264251708984e+00,3.529411852359771729e-01,0.000000000000000000e+00
6.800000000000000000e+01,1.125000000000000000e+00,3.125000000000000000e+00,2.562500000000000000e+00,8.012500000000000000e+01,1.875000000000000000e+00,1.518750000000000000e+01,1.681250000000000000e+01,3.000000000000000000e+00,6.875000000000000000e-01,6.875000000000000000e-01,1.312500000000000000e+00,1.500000000000000000e+00,1.187500000000000000e+00,1.062500000000000000e+00,9.375000000000000000e-01,9.531250000000000000e+01,4.000000000000000000e+00,2.806250000000000000e+01,1.312500000000000000e+00,2.268750000000000000e+01,1.250000000000000000e+00,1.187500000000000000e+00,6.687500000000000000e+00,9.375000000000000000e-01,2.856250000000000000e+01,5.000000000000000000e-01,1.625000000000000000e+00,8.750000000000000000e-01,2.781250000000000000e+01,1.000000000000000000e+00,4.375000000000000000e+00,1.562500000000000000e+00,1.000000000000000000e+00,1.062500000000000000e+00,4.375000000000000000e-01,1.625000000000000000e+00,7.500000000000000000e-01,3.500000000000000000e+00,2.875000000000000000e+00,1.275000000000000000e+01,2.187500000000000000e+00,4.062500000000000000e+00,6.125000000000000000e+00,5.625000000000000000e-01,1.312500000000000000e+00,4.375000000000000000e+00,8.125000000000000000e-01,1.625000000000000000e+00,9.375000000000000000e-01,0.000000000000000000e+00
2.457096862792968750e+01,6.935483813285827637e-01,1.138709664344787598e+00,4.374193668365478516e+00,1.032580661773681641e+01,1.087096810340881348e+00,1.174516105651855469e+01,6.751613140106201172e+00,3.148387193679809570e+00,3.387096822261810303e-01,8.354838490486145020e-01,1.861290335655212402e+00,6.999999880790710449e-01,1.316129088401794434e+00,1.551612854003906250e+00,1.506451606750488281e+00,4.259677505493164062e+01,1.009677410125732422e+00,1.315161323547363281e+01,3.129032254219055176e-01,1.173870944976806641e+01,1.145161271095275879e+00,7.161290049552917480e-01,4.664515972137451172e+00,8.516129255294799805e-01,1.925161361694335938e+01,1.238709688186645508e+00,5.838709473609924316e-01,8.516129255294799805e-01,1.429354858398437500e+01,7.741935253143310547e-01,1.032258033752441406e+00,1.712903261184692383e+00,6.290322542190551758e-01,3.000000119209289551e-01,3.483870923519134521e-01,1.235483884811401367e+00,8.161290287971496582e-01,2.993548393249511719e+00,8.032258152961730957e-01,7.593548297882080078e+00,7.483870983123779297e-01,1.748387098312377930e+00,3.564516067504882812e+00,2.741935551166534424e-01,1.316129088401794434e+00,2.390322685241699219e+00,5.580645203590393066e-01,1.158064484596252441e+00,7.483870983123779297e-01,0.000000000000000000e+00
7.315412044525146484e+00,6.630824208259582520e-01,5.197132825851440430e-01,7.562723755836486816e-01,2.510752677917480469e+01,5.913978219032287598e-01,5.856630802154541016e+00,2.918638038635253906e+01,1.784946203231811523e+00,5.555555820465087891e-01,6.021505594253540039e-01,6.594982147216796875e-01,1.516129016876220703e+00,1.046594977378845215e+00,8.028674125671386719e-01,9.713261723518371582e-01,1.740143394470214844e+01,6.953405141830444336e-01,1.092473125457763672e+01,5.627239942550659180e-01,7.351254463195800781e+00,1.347670197486877441e+00,4.982078969478607178e-01,6.645161151885986328e+00,6.630824208259582520e-01,1.805376434326171875e+01,4.982078969478607178e-01,6.451612710952758789e-01,1.003584265708923340e+00,1.029749107360839844e+01,2.297491073608398438e+00,3.727598488330841064e-01,9.103942513465881348e-01,7.132616639137268066e-01,1.863799244165420532e-01,3.333333432674407959e-01,2.275985717773437500e+00,6.057347655296325684e-01,2.215053796768188477e+00,3.870967626571655273e-01,6.419354915618896484e+00,4.121863842010498047e-01,3.379928350448608398e+00,3.519713163375854492e+00,1.899641603231430054e-01,2.057347774505615234e+00,2.849462270736694336e+00,4.910394251346588135e-01,1.211469531059265137e+00,8.637992739677429199e-01,0.000000000000000000e+00
2.162614059448242188e+01,2.641337394714355469e+00,1.471124649047851562e+00,2.458966493606567383e+00,6.078115463256835938e+01,8.753799200057983398e-01,1.080547142028808594e+01,2.132522773742675781e+01,1.206686973571777344e+00,1.787234067916870117e+00,1.206686973571777344e+00,1.598784208297729492e+00,3.887537956237792969e+00,1.066869258880615234e+00,1.173252224922180176e+00,1.142857193946838379e+00,1.850759887695312500e+01,2.030395030975341797e+00,7.693008899688720703e+00,1.723404288291931152e+00,6.610942363739013672e+00,7.568389177322387695e-01,2.188449800014495850e-01,6.547112464904785156e+00,1.185410380363464355e+00,2.721884536743164062e+01,4.376899600028991699e-01,1.151975631713867188e+00,1.556231021881103516e+00,7.370820522308349609e+00,1.613981819152832031e+01,2.759878396987915039e+00,8.449848294258117676e-01,8.176291584968566895e-01,4.802431464195251465e-01,4.528875350952148438e-01,2.136778116226196289e+00,3.920972645282745361e-01,2.993921041488647461e+00,3.313069939613342285e-01,1.006382942199707031e+01,6.534954309463500977e-01,5.446808338165283203e+00,2.410334348678588867e+00,6.565349698066711426e-01,1.212765932083129883e+00,3.234042644500732422e+00,8.510638475418090820e-01,8.693009018898010254e-01,1.276595741510391235e-01,1.000000000000000000e+00
3.514666748046875000e+01,1.399999976158142090e+00,1.799999952316284180e+00,7.266666889190673828e+00,2.387999916076660156e+01,1.106666684150695801e+00,1.330666637420654297e+01,1.637333297729492188e+01,3.706666707992553711e+00,1.026666641235351562e+00,7.333333492279052734e-01,1.293333292007446289e+00,1.480000019073486328e+00,1.253333330154418945e+00,2.559999942779541016e+00,1.133333325386047363e+00,4.841333389282226562e+01,1.679999947547912598e+00,1.477333354949951172e+01,1.226666688919067383e+00,1.105333328247070312e+01,1.373333334922790527e+00,3.333333432674407959e-01,5.906666755676269531e+00,1.120000004768371582e+00,2.592000007629394531e+01,7.200000286102294922e-01,1.000000000000000000e+00,1.720000028610229492e+00,1.673333358764648438e+01,1.102666664123535156e+01,2.106666564941406250e+00,1.546666622161865234e+00,1.399999976158142090e+00,5.866666436195373535e-01,5.199999809265136719e-01,2.173333406448364258e+00,1.000000000000000000e+00,2.786666631698608398e+00,1.333333373069763184e+00,1.152000045776367188e+01,1.026666641235351562e+00,2.893333435058593750e+00,4.306666851043701172e+00,2.800000011920928955e-01,2.160000085830688477e+00,5.693333148956298828e+00,1.066666722297668457e+00,1.853333353996276855e+00,4.666666686534881592e-01,0.000000000000000000e+00
6.745302581787109375e+01,7.202505469322204590e-01,1.235908150672912598e+00,2.787056446075439453e+00,4.216910171508789062e+01,2.164927005767822266e+00,1.939874649047851562e+01,1.851148223876953125e+01,2.939457178115844727e+00,1.455114841461181641e+00,8.977035284042358398e-01,2.747390508651733398e+00,1.511482238769531250e+00,1.697286009788513184e+00,2.231732845306396484e+00,6.847599148750305176e-01,1.144279785156250000e+02,5.386221408843994141e+00,5.697077178955078125e+01,1.789144039154052734e+00,4.360125350952148438e+01,2.146137714385986328e+00,5.678496956825256348e-01,1.106471824645996094e+01,2.177453041076660156e+00,3.780167007446289062e+01,1.417536497116088867e+00,2.292275667190551758e+00,2.300626277923583984e+00,4.679540634155273438e+01,1.569102287292480469e+01,3.248434305191040039e+00,2.432150363922119141e+00,3.336117029190063477e+00,1.653444647789001465e+00,8.267223238945007324e-01,3.511482238769531250e+00,1.795407056808471680e+00,4.661795616149902344e+00,2.847599267959594727e+00,2.457411193847656250e+01,2.795407056808471680e+00,8.179540634155273438e+00,1.132567882537841797e+01,7.139874696731567383e-01,2.081419706344604492e+00,6.484342575073242188e+00,6.304801702499389648e-01,2.304801702499389648e+00,7.286012768745422363e-01,1.000000000000000000e+00
1.491995239257812500e+02,1.290865421295166016e+00,2.608173131942749023e+00,2.637019157409667969e+00,7.653846263885498047e+00,1.721153855323791504e+00,2.097355842590332031e+01,1.624759674072265625e+01,4.002403736114501953e+00,1.163461565971374512e+00,2.052884578704833984e+00,1.884615421295166016e+00,1.906250000000000000e+00,1.175480723381042480e+00,1.519230723381042480e+00,9.639422893524169922e-01,1.559399108886718750e+02,7.966346263885498047e+00,4.581250000000000000e+01,1.456730723381042480e+00,3.317307662963867188e+01,1.194711565971374512e+00,6.802884340286254883e-01,1.038942337036132812e+01,1.735576868057250977e+00,4.817307662963867188e+01,1.591346144676208496e+00,2.139423131942749023e+00,1.216346144676208496e+00,2.807932662963867188e+01,4.829327106475830078e+00,4.548077106475830078e+00,3.456730842590332031e+00,1.923076868057250977e+00,9.350961446762084961e-01,5.841346383094787598e-01,1.350961565971374512e+00,1.254807710647583008e+00,2.882211446762084961e+00,1.891826868057250977e+00,2.389663505554199219e+01,1.509615421295166016e+00,5.052884578704833984e+00,6.752403736114501953e+00,4.326923191547393799e-01,5.192307829856872559e-01,7.000000000000000000e+00,9.062500000000000000e-01,1.298076868057250977e+00,2.067307680845260620e-01,0.000000000000000000e+00
5.551546478271484375e+01,9.896907210350036621e-01,3.005154609680175781e+00,2.912371158599853516e+00,1.484536051750183105e+00,1.577319622039794922e+00,1.768556785583496094e+01,9.170103073120117188e+00,2.262886524200439453e+00,1.216494798660278320e+00,4.896907210350036621e-01,2.840206146240234375e+00,3.453608155250549316e-01,1.752577304840087891e+00,3.427834987640380859e+00,1.087628841400146484e+00,1.076752548217773438e+02,4.185566902160644531e+00,6.011855697631835938e+01,1.628865957260131836e+00,4.012886428833007812e+01,1.979381442070007324e+00,1.118556737899780273e+00,8.592783927917480469e+00,2.195876359939575195e+00,2.853092765808105469e+01,1.211340188980102539e+00,1.298969030380249023e+00,1.381443262100219727e+00,5.221649551391601562e+01,3.139175176620483398e+00,1.036082506179809570e+00,5.051546573638916016e+00,2.623711347579956055e+00,1.252577304840087891e+00,6.907216310501098633e-01,2.051546335220336914e+00,9.587628841400146484e-01,5.355669975280761719e+00,2.314433097839355469e+00,1.556185531616210938e+01,1.840206146240234375e+00,4.737113475799560547e+00,1.111855697631835938e+01,7.783505320549011230e-01,1.170103073120117188e+00,4.690721511840820312e+00,7.989690899848937988e-01,1.855670094490051270e+00,5.463917255401611328e-01,1.000000000000000000e+00
5.045588302612304688e+01,2.441176414489746094e+00,1.441176414489746094e+00,1.164705848693847656e+01,5.764705657958984375e+00,1.073529362678527832e+00,1.001470565795898438e+01,8.352941513061523438e+00,1.838235259056091309e+00,5.000000000000000000e-01,7.500000000000000000e-01,1.720588207244873047e+00,7.794117927551269531e-01,1.720588207244873047e+00,1.352941155433654785e+00,1.632352948188781738e+00,6.426470947265625000e+01,1.882352948188781738e+00,1.477941131591796875e+01,1.558823585510253906e+00,1.247058868408203125e+01,9.117646813392639160e-01,3.676470518112182617e-01,3.235294103622436523e+00,7.794117927551269531e-01,1.827941131591796875e+01,7.058823704719543457e-01,9.117646813392639160e-01,9.411764740943908691e-01,1.448529434204101562e+01,1.132352948188781738e+00,2.411764621734619141e+00,1.308823585510253906e+00,5.882353186607360840e-01,7.205882072448730469e-01,3.529411852359771729e-01,1.735294103622436523e+00,4.705882370471954346e-01,3.705882310867309570e+00,9.558823704719543457e-01,1.038235282897949219e+01,9.558823704719543457e-01,2.029411792755126953e+00,4.264705657958984375e+00,2.941176593303680420e-01,5.147058963775634766e-01,2.867647171020507812e+00,6.176470518112182617e-01,7.058823704719543457e-01,7.500000000000000000e-01,0.000000000000000000e+00
9.857142448425292969e+00,1.190476194024085999e-01,2.857142984867095947e-01,1.500000000000000000e+00,1.557142829895019531e+01,5.952380895614624023e-01,5.428571224212646484e+00,1.269047641754150391e+01,9.047619104385375977e-01,9.523809701204299927e-02,4.761904776096343994e-01,5.952380895614624023e-01,9.047619104385375977e-01,9.523809552192687988e-01,1.785714268684387207e+00,8.809523582458496094e-01,6.523809432983398438e+00,5.952380895614624023e-01,4.857142925262451172e+00,3.809523880481719971e-01,5.000000000000000000e+00,9.523809552192687988e-01,6.666666865348815918e-01,3.547619104385375977e+00,4.523809552192687988e-01,8.261904716491699219e+00,7.619047760963439941e-01,6.428571343421936035e-01,7.619047760963439941e-01,6.904761791229248047e+00,1.071428537368774414e+00,7.380952239036560059e-01,4.761904776096343994e-01,4.761904776096343994e-01,2.857142984867095947e-01,2.857142984867095947e-01,1.309523820877075195e+00,5.714285969734191895e-01,1.619047641754150391e+00,2.380952388048171997e-01,4.666666507720947266e+00,3.095238208770751953e-01,1.452380895614624023e+00,1.428571462631225586e+00,1.190476194024085999e-01,1.547619104385375977e+00,2.333333253860473633e+00,4.761904776096343994e-01,1.000000000000000000e+00,4.285714328289031982e-01,1.000000000000000000e+00
3.034250068664550781e+01,1.566249966621398926e+00,1.559999942779541016e+00,4.065000057220458984e+00,3.265999984741210938e+01,1.557500004768371582e+00,1.771624946594238281e+01,1.169750022888183594e+01,3.633749961853027344e+00,1.847499966621398926e+00,1.073750019073486328e+00,2.098750114440917969e+00,2.490000009536743164e+00,3.147500038146972656e+00,4.066249847412109375e+00,1.245000004768371582e+00,6.608625030517578125e+01,4.355000019073486328e+00,4.373749923706054688e+01,3.038749933242797852e+00,3.991749954223632812e+01,2.342499971389770508e+00,6.949999928474426270e-01,1.010999965667724609e+01,1.778749942779541016e+00,3.730125045776367188e+01,1.794999957084655762e+00,1.673750042915344238e+00,2.671250104904174805e+00,4.241249847412109375e+01,1.528125000000000000e+01,3.086250066757202148e+00,2.071249961853027344e+00,2.971250057220458984e+00,1.593750000000000000e+00,9.037500023841857910e-01,4.321249961853027344e+00,1.129999995231628418e+00,5.019999980926513672e+00,2.035000085830688477e+00,2.053000068664550781e+01,2.217499971389770508e+00,1.034000015258789062e+01,8.136249542236328125e+00,7.837499976158142090e-01,2.198750019073486328e+00,6.627500057220458984e+00,9.674999713897705078e-01,2.190000057220458984e+00,1.106250047683715820e+00,1.000000000000000000e+00
2.856457519531250000e+01,1.856088519096374512e+00,7.601476311683654785e-01,4.523985385894775391e+00,8.092250823974609375e+00,9.151291251182556152e-01,6.575645923614501953e+00,1.305904102325439453e+01,2.955719470977783203e+00,7.601476311683654785e-01,1.402214020490646362e-01,1.280442833900451660e+00,1.306273102760314941e+00,1.250922560691833496e+00,1.295202970504760742e+00,1.062730669975280762e+00,4.201845169067382812e+01,1.476014733314514160e+00,1.763468551635742188e+01,8.376383781433105469e-01,1.282656860351562500e+01,1.741697430610656738e+00,4.575645625591278076e-01,4.464944839477539062e+00,8.560885787010192871e-01,1.759409523010253906e+01,3.800738155841827393e-01,5.571955442428588867e-01,1.494464993476867676e+00,2.124354171752929688e+01,1.354243516921997070e+00,6.051660776138305664e-01,1.258302569389343262e+00,1.339483380317687988e+00,4.132841229438781738e-01,5.018450021743774414e-01,2.974169731140136719e+00,1.509225130081176758e+00,3.350553512573242188e+00,7.527675032615661621e-01,8.217712402343750000e+00,9.815497994422912598e-01,4.110701084136962891e+00,5.291512966156005859e+00,2.177121788263320923e-01,1.047970533370971680e+00,2.044280529022216797e+00,6.051660776138305664e-01,1.391143918037414551e+00,1.439114332199096680e+00,0.000000000000000000e+00
6.009090900421142578e+00,5.181818008422851562e-01,4.909090995788574219e-01,2.109090805053710938e+00,5.081818103790283203e+00,4.000000059604644775e-01,4.290909290313720703e+00,2.736363649368286133e+00,1.418181777000427246e+00,1.090909093618392944e-01,7.545454502105712891e-01,6.090909242630004883e-01,2.181818187236785889e-01,2.818181812763214111e-01,2.727272808551788330e-01,3.909091055393218994e-01,1.971818161010742188e+01,6.090909242630004883e-01,6.245454311370849609e+00,2.090909034013748169e-01,4.918181896209716797e+00,2.000000029802322388e-01,6.363636255264282227e-02,3.854545354843139648e+00,5.090909004211425781e-01,9.863636016845703125e+00,1.818181872367858887e-01,4.818181693553924561e-01,7.090908885002136230e-01,6.818181991577148438e+00,1.000000000000000000e+00,6.363636255264282227e-01,1.536363601684570312e+00,3.181818127632141113e-01,1.636363565921783447e-01,2.727272808551788330e-01,5.363636612892150879e-01,3.545454442501068115e-01,1.218181848526000977e+00,5.181818008422851562e-01,5.463636398315429688e+00,3.181818127632141113e-01,9.727272987365722656e-01,1.927272677421569824e+00,1.363636404275894165e-01,3.454545438289642334e-01,2.272727251052856445e+00,1.909090876579284668e-01,4.090909063816070557e-01,2.272727340459823608e-01,0.000000000000000000e+00
3.579090881347656250e+01,6.363636255264282227e-01,4.818181693553924561e-01,2.554545402526855469e+00,3.290909051895141602e+00,5.454545617103576660e-01,5.945454597473144531e+00,4.254545688629150391e+00,8.818181753158569336e-01,1.818181872367858887e-01,4.363636374473571777e-01,4.454545378684997559e-01,6.636363863945007324e-01,5.909090638160705566e-01,5.818181633949279785e-01,4.636363685131072998e-01,3.459090805053710938e+01,8.090909123420715332e-01,5.718181610107421875e+00,3.909091055393218994e-01,4.654545307159423828e+00,5.272727012634277344e-01,2.363636344671249390e-01,4.336363792419433594e+00,2.818181812763214111e-01,9.236363410949707031e+00,3.818181753158569336e-01,6.090909242630004883e-01,7.818182110786437988e-01,6.454545497894287109e+00,1.481818199157714844e+00,6.090909242630004883e-01,1.518181800842285156e+00,4.545454680919647217e-01,3.636363744735717773e-01,2.727272808551788330e-01,4.090909063816070557e-01,4.818181693553924561e-01,1.745454549789428711e+00,9.909090995788574219e-01,4.345454692840576172e+00,7.090908885002136230e-01,9.181818366050720215e-01,1.863636374473571777e+00,1.000000014901161194e-01,4.090909063816070557e-01,2.454545497894287109e+00,4.090909063816070557e-01,6.636363863945007324e-01,2.727272808551788330e-01,0.000000000000000000e+00
1.701503753662109375e+01,4.060150384902954102e-01,9.849624037742614746e-01,9.699248075485229492e-01,4.548871994018554688e+00,4.586466252803802490e-01,4.729323387145996094e+00,1.025563907623291016e+01,1.330827116966247559e+00,2.932330965995788574e-01,6.842105388641357422e-01,1.015037536621093750e+00,4.586466252803802490e-01,5.714285969734191895e-01,7.518796920776367188e-01,5.864661931991577148e-01,3.572180557250976562e+01,1.075187921524047852e+00,9.744360923767089844e+00,4.060150384902954102e-01,7.857142925262451172e+00,3.383458554744720459e-01,2.255639135837554932e-01,3.533834695816040039e+00,4.812030196189880371e-01,1.068421077728271484e+01,3.684210479259490967e-01,6.766917109489440918e-01,4.736842215061187744e-01,9.308270454406738281e+00,3.233082592487335205e-01,7.894737124443054199e-01,1.082706809043884277e+00,4.887218177318572998e-01,2.781955003738403320e-01,2.781955003738403320e-01,6.315789222717285156e-01,3.157894611358642578e-01,1.834586501121520996e+00,6.015037298202514648e-01,5.684210300445556641e+00,5.413534045219421387e-01,1.909774422645568848e+00,1.646616578102111816e+00,1.203007549047470093e-01,4.285714328289031982e-01,2.037594079971313477e+00,2.255639135837554932e-01,6.616541147232055664e-01,2.631579041481018066e-01,0.000000000000000000e+00
1.155757598876953125e+02,3.294372320175170898e+00,1.666666626930236816e+00,2.212121248245239258e+00,8.034198760986328125e+01,1.376623392105102539e+00,1.453679656982421875e+01,7.359307289123535156e+00,4.523809432983398438e+00,2.597402632236480713e-01,1.987012982368469238e+00,1.398268342018127441e+00,6.666666865348815918e-01,1.220779180526733398e+00,7.489177584648132324e-01,1.125541090965270996e+00,1.371038970947265625e+02,1.982684016227722168e+00,8.766233444213867188e+00,6.233766078948974609e-01,5.770562648773193359e+00,1.073593020439147949e+00,8.658009022474288940e-02,5.891774654388427734e+00,1.047619104385375977e+00,2.667965316772460938e+01,5.151515007019042969e-01,1.354978322982788086e+00,1.835497856140136719e+00,1.396969699859619141e+01,1.831168889999389648e+00,1.757575750350952148e+00,2.900432825088500977e+00,8.398268222808837891e-01,4.372294247150421143e-01,5.454545617103576660e-01,1.632034659385681152e+00,1.701298713684082031e+00,2.935065031051635742e+00,1.160173177719116211e+00,1.303896141052246094e+01,1.402597427368164062e+00,1.549783587455749512e+00,3.411255359649658203e+00,3.333333432674407959e-01,5.021644830703735352e-01,4.722943782806396484e+00,7.186146974563598633e-01,8.181818127632141113e-01,8.744588494300842285e-01,0.000000000000000000e+00
4.319444656372070312e+00,3.888888955116271973e-01,2.916666567325592041e-01,7.722222328186035156e+00,1.301388931274414062e+01,5.833333134651184082e-01,3.527777671813964844e+00,1.740277862548828125e+01,1.027777791023254395e+00,4.583333432674407959e-01,1.388888955116271973e-01,9.583333134651184082e-01,3.472222089767456055e-01,6.388888955116271973e-01,1.277777791023254395e+00,4.027777910232543945e-01,6.208333492279052734e+00,2.916666567325592041e-01,1.193055534362792969e+01,4.027777910232543945e-01,8.777777671813964844e+00,6.527777910232543945e-01,6.250000000000000000e-01,4.555555343627929688e+00,3.611111044883728027e-01,9.972222328186035156e+00,4.166666567325592041e-01,2.500000000000000000e-01,3.750000000000000000e-01,1.159722232818603516e+01,1.041666626930236816e+00,4.305555522441864014e-01,8.194444179534912109e-01,6.666666865348815918e-01,2.083333283662796021e-01,3.055555522441864014e-01,8.611111044883728027e-01,1.111111119389533997e-01,1.444444417953491211e+00,3.888888955116271973e-01,6.305555343627929688e+00,3.750000000000000000e-01,1.652777791023254395e+00,2.527777671813964844e+00,1.388888955116271973e-01,2.527777671813964844e+00,1.402777791023254395e+00,4.027777910232543945e-01,1.027777791023254395e+00,4.305555522441864014e-01,0.000000000000000000e+00
2.451947975158691406e+01,6.639610528945922852e-01,1.498376607894897461e+00,4.530844211578369141e+00,9.264610290527343750e+00,8.961039185523986816e-01,8.097402572631835938e+00,6.150973796844482422e+00,2.256493568420410156e+00,1.996753215789794922e-01,3.912337720394134521e-01,1.241883158683776855e+00,4.951298832893371582e-01,7.126623392105102539e-01,1.055194854736328125e+00,1.073051929473876953e+00,4.045292282104492188e+01,6.233766078948974609e-01,1.300324630737304688e+01,2.873376607894897461e-01,7.993506431579589844e+00,7.727272510528564453e-01,3.831168711185455322e-01,2.922077894210815430e+00,5.357142686843872070e-01,1.385227298736572266e+01,7.045454382896423340e-01,3.814935088157653809e-01,6.948052048683166504e-01,1.261688327789306641e+01,5.129870176315307617e-01,8.555194735527038574e-01,8.652597665786743164e-01,3.051947951316833496e-01,2.175324708223342896e-01,2.500000000000000000e-01,9.285714030265808105e-01,3.181818127632141113e-01,2.508116960525512695e+00,5.925324559211730957e-01,4.287337779998779297e+00,3.847402632236480713e-01,1.102272748947143555e+00,2.740259647369384766e+00,1.590909063816070557e-01,6.185064911842346191e-01,1.756493449211120605e+00,4.139610528945922852e-01,8.668830990791320801e-01,4.009740352630615234e-01,0.000000000000000000e+00
3.890909194946289062e+01,1.172727227210998535e+00,1.295454502105712891e+00,2.786363601684570312e+00,1.502272701263427734e+01,1.027272701263427734e+00,6.413636207580566406e+00,3.805454635620117188e+01,2.745454549789428711e+00,8.454545736312866211e-01,6.772727370262145996e-01,3.304545402526855469e+00,5.636363625526428223e-01,1.868181824684143066e+00,2.768181800842285156e+00,1.027272701263427734e+00,4.074545288085937500e+01,1.090909123420715332e+00,1.829545402526855469e+01,4.954545497894287109e-01,1.697272682189941406e+01,1.322727322578430176e+00,2.040909051895141602e+00,5.636363506317138672e+00,5.045454502105712891e-01,2.003181838989257812e+01,1.427272677421569824e+00,6.999999880790710449e-01,1.240909099578857422e+00,1.862272644042968750e+01,1.054545402526855469e+00,4.681818187236785889e-01,1.363636374473571777e+00,2.818181812763214111e-01,5.227272510528564453e-01,4.636363685131072998e-01,1.313636422157287598e+00,4.499999880790710449e-01,5.131818294525146484e+00,6.363636255264282227e-01,9.118182182312011719e+00,7.318181991577148438e-01,1.222727298736572266e+00,5.727272510528564453e+00,2.636363506317138672e-01,2.554545402526855469e+00,1.990909099578857422e+00,5.727272629737854004e-01,1.559090852737426758e+00,1.740909099578857422e+00,1.000000000000000000e+00
2.038461446762084961e+00,0.000000000000000000e+00,0.000000000000000000e+00,6.153846383094787598e-01,1.876922988891601562e+01,7.692307829856872559e-01,4.615384578704833984e+00,9.038461685180664062e+00,4.230769276618957520e-01,6.923077106475830078e-01,1.538461595773696899e-01,5.000000000000000000e-01,1.115384578704833984e+00,1.000000000000000000e+00,1.500000000000000000e+00,8.076922893524169922e-01,8.884614944458007812e+00,5.769230723381042480e-01,1.292307662963867188e+01,1.346153855323791504e+00,1.026923084259033203e+01,1.269230723381042480e+00,6.538461446762084961e-01,7.000000000000000000e+00,6.153846383094787598e-01,1.388461494445800781e+01,5.769230723381042480e-01,4.615384638309478760e-01,1.115384578704833984e+00,1.184615421295166016e+01,8.461538314819335938e+00,1.500000000000000000e+00,5.384615659713745117e-01,6.538461446762084961e-01,1.153846159577369690e-01,4.615384638309478760e-01,1.807692289352416992e+00,3.076923191547393799e-01,2.038461446762084961e+00,5.384615659713745117e-01,6.923077106475830078e+00,4.230769276618957520e-01,3.307692289352416992e+00,3.807692289352416992e+00,2.307692319154739380e-01,2.153846263885498047e+00,4.076922893524169922e+00,1.538461595773696899e-01,1.692307710647583008e+00,3.846153914928436279e-01,1.000000000000000000e+00
7.041666507720947266e+00,5.937500000000000000e-01,7.447916865348815918e-01,2.516145896911621094e+01,5.478125000000000000e+01,1.322916626930236816e+00,1.090625000000000000e+01,3.057291603088378906e+01,1.828125000000000000e+00,7.604166865348815918e-01,7.291666865348815918e-01,1.130208373069763184e+00,1.640625000000000000e+00,1.869791626930236816e+00,2.645833253860473633e+00,1.067708373069763184e+00,1.956770896911621094e+01,8.333333134651184082e-01,1.629687500000000000e+01,7.291666865348815918e-01,1.389583301544189453e+01,1.947916626930236816e+00,6.822916865348815918e-01,8.375000000000000000e+00,1.312500000000000000e+00,2.460937500000000000e+01,1.067708373069763184e+00,9.166666865348815918e-01,1.562500000000000000e+00,1.872395896911621094e+01,6.760416507720947266e+00,9.791666865348815918e-01,1.338541626930236816e+00,9.583333134651184082e-01,6.666666865348815918e-01,5.208333134651184082e-01,3.484375000000000000e+00,2.604166567325592041e-01,4.151041507720947266e+00,7.552083134651184082e-01,9.958333015441894531e+00,6.197916865348815918e-01,2.421875000000000000e+00,4.005208492279052734e+00,2.760416567325592041e-01,4.171875000000000000e+00,4.036458492279052734e+00,6.770833134651184082e-01,1.583333373069763184e+00,9.114583134651184082e-01,0.000000000000000000e+00
2.062857055664062500e+01,1.928571462631225586e+00,1.799999952316284180e+00,1.485714316368103027e+00,7.485714435577392578e+00,7.142857313156127930e-01,7.242856979370117188e+00,1.657142877578735352e+00,1.542857170104980469e+00,4.285714328289031982e-01,4.000000059604644775e-01,1.157142877578735352e+00,1.528571486473083496e+00,1.185714244842529297e+00,1.642857193946838379e+00,1.985714316368103027e+00,2.237142944335937500e+01,1.085714340209960938e+00,1.045714282989501953e+01,8.000000119209289551e-01,8.514286041259765625e+00,1.314285755157470703e+00,1.057142853736877441e+00,4.885714054107666016e+00,5.857142806053161621e-01,1.889999961853027344e+01,5.571428537368774414e-01,8.571428656578063965e-01,8.428571224212646484e-01,1.028571414947509766e+01,5.714285746216773987e-02,1.142857193946838379e+00,4.857142865657806396e-01,5.285714268684387207e-01,3.714285790920257568e-01,2.142857164144515991e-01,1.200000047683715820e+00,1.442857146263122559e+00,2.757142782211303711e+00,9.857142567634582520e-01,5.071428775787353516e+00,6.999999880790710449e-01,2.685714244842529297e+00,4.542857170104980469e+00,1.428571492433547974e-01,1.142857193946838379e+00,1.457142829895019531e+00,4.857142865657806396e-01,1.785714268684387207e+00,6.285714507102966309e-01,0.000000000000000000e+00
2.556654548645019531e+01,2.698412835597991943e-01,1.980463981628417969e+00,2.244200229644775391e+00,7.703907012939453125e+01,1.742368698120117188e+00,2.256166076660156250e+01,2.438339424133300781e+01,3.689865589141845703e+00,1.170940160751342773e+00,1.637362599372863770e+00,1.920634865760803223e+00,3.929181814193725586e+00,1.604395627975463867e+00,2.609279632568359375e+00,1.396825432777404785e+00,2.398290634155273438e+01,6.836385726928710938e+00,3.347130584716796875e+01,1.145299196243286133e+00,3.435775375366210938e+01,1.518925547599792480e+00,3.020756959915161133e+00,1.442735004425048828e+01,2.130647182464599609e+00,4.298534774780273438e+01,2.521367549896240234e+00,3.228327274322509766e+00,1.539682507514953613e+00,3.056532287597656250e+01,1.811477470397949219e+01,3.018315076828002930e+00,3.249084234237670898e+00,1.998778939247131348e+00,7.960928082466125488e-01,1.113553166389465332e+00,3.379731416702270508e+00,1.030525088310241699e+00,2.514041423797607422e+00,1.347985386848449707e+00,2.967643547058105469e+01,1.714285731315612793e+00,6.086690902709960938e+00,5.380952358245849609e+00,8.608058691024780273e-01,1.982905983924865723e+00,6.001221179962158203e+00,1.699633717536926270e+00,2.683760643005371094e+00,2.246642261743545532e-01,0.000000000000000000e+00
3.428571462631225586e+00,5.428571701049804688e-01,3.142857253551483154e-01,7.428571581840515137e-01,1.629999923706054688e+01,2.428571432828903198e-01,3.500000000000000000e+00,2.428571462631225586e+00,2.014285802841186523e+00,2.571428716182708740e-01,2.714285850524902344e-01,2.142857164144515991e-01,3.571428656578063965e-01,6.285714507102966309e-01,4.285714328289031982e-01,3.285714387893676758e-01,7.642857074737548828e+00,9.285714030265808105e-01,4.542857170104980469e+00,3.714285790920257568e-01,4.071428775787353516e+00,4.142857193946838379e-01,4.285714402794837952e-02,3.200000047683715820e+00,3.714285790920257568e-01,1.207142829895019531e+01,2.428571432828903198e-01,4.000000059604644775e-01,7.571428418159484863e-01,7.257143020629882812e+00,2.185714244842529297e+00,1.228571414947509766e+00,5.857142806053161621e-01,2.428571432828903198e-01,3.285714387893676758e-01,3.571428656578063965e-01,7.285714149475097656e-01,5.142857432365417480e-01,7.428571581840515137e-01,3.000000119209289551e-01,5.142857074737548828e+00,4.285714328289031982e-01,1.942857146263122559e+00,1.371428608894348145e+00,2.000000029802322388e-01,5.142857432365417480e-01,2.814285755157470703e+00,1.857142895460128784e-01,9.142857193946838379e-01,2.142857164144515991e-01,0.000000000000000000e+00
8.898245239257812500e+01,1.543859601020812988e+00,1.929824590682983398e+00,1.333333373069763184e+00,4.350877285003662109e+00,1.210526347160339355e+00,1.008771896362304688e+01,3.912280797958374023e+00,3.982456207275390625e+00,1.754385977983474731e-01,6.666666865348815918e-01,1.175438642501831055e+00,4.210526347160339355e-01,1.035087704658508301e+00,7.543859481811523438e-01,5.614035129547119141e-01,6.380701828002929688e+01,1.807017564773559570e+00,1.414035129547119141e+01,2.456140369176864624e-01,9.140351295471191406e+00,1.228070139884948730e+00,1.578947305679321289e-01,5.649122714996337891e+00,5.087719559669494629e-01,2.091228103637695312e+01,4.035087823867797852e-01,4.035087823867797852e-01,1.105263113975524902e+00,1.314035129547119141e+01,2.105263173580169678e-01,1.140350818634033203e+00,2.421052694320678711e+00,6.842105388641357422e-01,4.035087823867797852e-01,4.561403393745422363e-01,1.912280678749084473e+00,4.561403393745422363e-01,2.824561357498168945e+00,1.315789461135864258e+00,8.245614051818847656e+00,8.947368264198303223e-01,1.315789461135864258e+00,5.017543792724609375e+00,1.052631586790084839e-01,1.070175409317016602e+00,2.052631616592407227e+00,3.508771955966949463e-01,1.491228103637695312e+00,1.403508782386779785e+00,0.000000000000000000e+00
1.941282081604003906e+01,8.102564215660095215e-01,1.543589711189270020e+00,5.028204917907714844e+00,3.264358901977539062e+01,9.358974099159240723e-01,1.273846149444580078e+01,1.436153888702392578e+01,2.071794986724853516e+00,6.974359154701232910e-01,9.538461565971374512e-01,1.084615349769592285e+00,1.700000047683715820e+00,1.292307734489440918e+00,2.115384578704833984e+00,9.435897469520568848e-01,4.613076782226562500e+01,3.082051277160644531e+00,1.992307662963867188e+01,1.038461565971374512e+00,1.876153755187988281e+01,1.387179493904113770e+00,1.164102554321289062e+00,8.253846168518066406e+00,1.523076891899108887e+00,2.643333244323730469e+01,7.666666507720947266e-01,1.515384674072265625e+00,1.269230723381042480e+00,1.723333358764648438e+01,1.037435913085937500e+01,1.317948698997497559e+00,1.635897397994995117e+00,1.212820529937744141e+00,5.538461804389953613e-01,5.076923370361328125e-01,2.702564001083374023e+00,4.794871807098388672e-01,4.402564048767089844e+00,6.923077106475830078e-01,1.482820510864257812e+01,1.012820482254028320e+00,3.807692289352416992e+00,5.502563953399658203e+00,5.717948675155639648e-01,1.594871759414672852e+00,4.792307853698730469e+00,6.641025543212890625e-01,1.846153855323791504e+00,3.205128312110900879e-01,0.000000000000000000e+00
