0,1,2,3,4,5,6,7,8,9,10,11,12,13,14,15,16,17,18,19,20,21,22,23,24,25,26,27,28,29,30,31,32,33,34,35,36,37,38,39,40,41,42,43,44,45,46,47,48,49
8.6621,6.1945,10.4836,7.4139,12.6505,11.3646,8.114,5.969,8.2532,6.1995,5.8751,5.942,8.5395,8.6309,6.32,6.1529,6.5096,8.1609,10.5009,11.4381,10.3973,6.051,6.3434,10.313,7.7485,5.8949,7.957,8.0401,5.9399,9.0524,6.9512,6.0727,11.665,11.1631,6.9354,6.0435,8.1883,5.6045,9.1599,5.6325,7.683,10.5011,9.1622,6.6757,5.7551,7.0468,6.6631,13.4935,12.0231,0.0
7.7851,4.233,8.7659,9.3702,12.7889,11.3578,11.3066,4.2988,8.0269,5.2943,4.4707,5.4475,9.816,8.4022,5.5661,5.0163,7.1763,7.903,10.6932,11.9859,10.4583,4.7418,5.9851,10.1111,6.705,4.4269,8.2063,6.7671,4.1183,9.6505,5.7029,5.3918,11.8924,9.8985,8.2411,5.7606,8.7902,4.0777,9.9353,4.609,6.8931,6.7426,10.1054,6.7306,4.1242,6.7512,6.2174,16.066,10.4406,0.0
8.774,4.8004,7.9565,10.7562,11.2136,10.8625,12.4467,4.7479,8.4143,4.9234,4.8676,4.961,7.1611,9.6882,5.6717,4.7974,6.548,8.3508,10.6632,13.3285,10.8146,4.9839,6.3066,11.9036,6.7217,4.6621,8.0542,7.3408,4.5693,10.6684,6.3266,5.2032,13.288,11.368,7.5651,5.4673,8.5343,4.5009,9.6504,4.7738,8.6915,7.7048,9.7247,5.5024,4.4932,8.1043,5.8401,15.9469,10.9939,0.0
8.5388,5.2658,10.8575,8.884,11.8987,11.2632,9.445,5.0908,8.1396,5.6616,5.9464,5.0177,10.0612,8.1656,5.9284,5.2702,6.3944,9.098,10.7168,12.0141,9.6361,6.2517,6.1313,9.0754,7.5259,4.9814,7.4069,8.2414,4.9474,9.4772,10.022,5.224,11.7782,10.0788,8.3399,5.355,8.6219,4.6907,10.2344,4.8382,6.9151,6.6574,8.4435,6.4675,4.8797,6.6738,6.53,15.9786,11.0168,0.0
9.2033,5.6881,12.6555,9.3956,12.0739,11.5914,10.5358,5.4505,7.6731,5.4249,5.3565,5.2664,10.1141,9.3306,5.6988,5.8429,7.0897,8.9934,10.4737,12.8415,9.3769,5.6419,6.4743,11.2597,7.9966,5.5076,7.4913,7.7206,5.1765,9.927,8.323,5.4434,13.1412,11.3035,7.2851,5.8431,8.4164,5.1311,9.9914,5.2675,5.8655,10.383,8.8165,5.4388,5.2139,7.9791,6.1353,15.0612,10.9016,0.0
9.0363,4.7802,11.2999,10.6257,12.4394,11.8241,11.8551,4.5007,7.1069,5.1259,4.6627,4.6386,8.1211,9.8617,5.8316,4.9841,8.432,8.1944,10.7648,14.0784,9.411,5.0086,5.989,10.2906,6.3569,4.4877,6.8999,8.0854,4.5599,10.6113,6.9473,5.2568,14.0804,12.6755,7.1979,4.867,9.328,4.4455,10.3341,4.7648,5.8311,7.2489,9.9471,5.2817,4.5045,7.8896,5.6051,15.1844,10.9165,1.0
8.4339,4.6139,8.8863,10.5617,12.7809,11.0778,11.4133,4.2735,8.3046,4.6633,4.2283,4.756,8.3933,9.3007,5.8805,4.5335,6.8951,8.1436,10.1398,12.2686,10.3808,4.7284,5.5447,9.6494,6.1313,4.1673,7.7494,7.0038,4.0954,10.981,8.9438,4.5074,13.5935,11.8981,6.9313,5.2479,9.1068,3.954,9.8774,4.2701,5.0881,7.0815,9.6667,5.1658,4.1795,7.6968,5.2058,16.065,11.6327,0.0
8.5117,4.9684,8.4527,10.3602,13.0089,11.0865,9.2057,4.5975,6.7076,5.2625,4.7815,4.95,6.8793,8.9311,5.0733,5.2302,6.8889,7.5893,10.8175,12.7357,10.2073,5.179,6.4843,7.862,6.2647,4.5201,8.9184,6.7287,4.4277,9.938,6.0518,5.5923,12.6854,10.8705,7.9827,5.5847,9.4789,4.4583,9.6255,4.614,6.0966,8.091,9.081,6.3353,4.5393,7.5093,6.2765,15.8933,10.532,1.0
9.289,4.6413,8.67,10.1368,12.0232,11.1927,11.5136,4.1515,7.9993,4.7751,4.255,5.2774,8.3914,9.348,5.1799,4.8463,7.1441,8.1081,11.0923,13.1871,9.3046,4.8875,6.8733,9.5028,7.5504,4.1582,7.4147,6.652,4.1381,10.3649,5.2755,5.0444,13.4368,11.6681,7.4347,4.4523,9.2386,4.4338,10.781,4.5315,5.7604,7.3721,9.2331,5.2879,3.9694,7.736,5.7348,15.6758,10.6721,1.0
8.8474,4.9455,9.0263,9.9029,11.9674,11.4959,9.575,4.7416,7.773,5.1966,4.8369,4.8505,7.2284,8.8927,5.4454,5.3124,7.4404,8.038,10.3829,12.9588,11.5179,5.3908,6.2495,8.4191,6.8698,4.6864,7.5462,7.6119,4.8713,9.7226,8.907,5.4791,13.0364,11.4355,7.4535,6.1635,8.5925,4.3997,9.7555,4.7326,5.9132,10.307,9.1879,6.1009,5.2354,7.2406,6.1538,15.4266,11.6238,0.0
8.6944,4.9387,8.8599,9.9993,12.986,10.7418,12.2764,4.6774,8.6288,4.8175,4.8745,5.5639,6.8264,9.4237,5.3301,5.668,6.8389,7.7426,9.5947,12.8792,10.2589,5.1072,5.6692,11.5113,6.6285,4.7371,7.2071,6.9356,4.611,10.3638,7.616,5.2459,13.1422,10.8512,7.8663,5.2197,9.387,4.6182,9.8926,4.6321,6.1148,7.0897,8.912,5.8316,4.6654,7.4385,5.957,16.5237,10.4903,1.0
6.7884,4.7214,10.6383,8.9208,12.7929,10.2437,12.0693,4.5491,8.2098,5.186,4.8864,5.0008,9.2292,9.1508,5.8305,5.0296,7.1923,8.6421,9.8595,11.2486,9.0154,5.0198,5.172,11.6757,5.334,4.7594,6.7718,8.9068,4.6422,11.2064,5.1359,4.9739,13.0685,10.5916,7.0395,4.9055,8.9221,4.5724,10.7721,4.5084,6.0403,7.328,10.1198,5.6845,4.4358,7.0636,5.5577,16.2894,10.981,1.0
7.7476,4.5467,10.3241,9.895,11.9176,10.9185,10.2803,4.4071,8.273,4.6809,4.4975,4.7142,9.1388,9.1251,5.9143,4.8407,5.9295,8.2269,10.675,11.3585,9.2199,4.8696,5.9566,7.9154,6.5991,4.6661,8.066,7.0243,4.261,9.8439,8.4122,5.3997,12.1505,10.4064,7.7031,5.6744,8.8691,4.3847,9.646,4.3667,6.2638,7.4461,8.9531,5.3466,4.5014,7.564,6.4408,15.7592,10.3909,0.0
9.5076,5.7699,8.3842,9.1766,11.9425,11.7556,10.7357,5.1413,7.5743,5.5521,5.2605,5.9689,7.6459,9.1992,5.3007,5.7802,7.7572,8.6939,11.2193,13.3097,10.2094,5.6262,6.7465,11.0089,7.1718,5.1102,7.64,7.7545,4.9963,10.6344,6.2708,5.7581,13.2133,11.3616,7.6371,6.4275,9.0981,5.0458,11.3187,5.6485,6.5627,7.5323,9.6805,5.7655,5.2077,7.4714,6.1572,14.4496,10.1068,1.0
8.5222,4.8592,9.7672,8.8375,12.5708,11.5403,9.3545,4.7521,8.7918,5.1648,4.7172,4.9789,8.4529,8.0194,5.4671,5.5613,6.3338,8.2543,10.5163,11.2842,11.8629,5.2283,5.9821,7.9962,6.7609,4.7878,7.5237,7.0527,4.5776,8.5614,9.8999,5.2975,11.4045,9.7453,7.4874,6.0225,8.3878,4.6054,10.2273,4.7557,6.2618,6.5824,9.1745,6.1047,4.6347,6.4939,6.2093,15.3065,11.6586,1.0
8.4488,5.1583,8.1366,11.8698,12.2104,10.3074,13.7884,4.8846,7.4913,5.4085,5.0873,5.4983,8.0557,10.4521,5.4813,5.6702,8.7988,9.2148,9.7561,13.6647,9.601,5.5175,5.9561,13.4714,6.2706,4.8354,6.1927,7.9259,4.9911,11.7936,5.4902,5.1476,15.0059,13.0184,7.592,5.2377,8.6835,6.2655,11.9908,4.9156,5.5713,7.8722,8.2946,6.0373,4.8161,7.7477,6.6909,16.1961,11.8026,1.0
6.5357,5.743,9.0126,9.7426,13.4311,10.0573,10.1468,4.9846,8.7049,5.5156,5.5693,5.6565,6.9139,9.2071,5.676,5.533,6.3507,7.9842,10.763,11.014,10.8889,5.9053,5.5768,8.847,5.6772,5.3373,7.318,7.5152,5.114,10.1034,8.4442,4.964,13.4991,10.6478,7.4102,5.5755,9.0374,4.7952,10.2691,4.8875,6.9056,7.2581,10.1537,6.692,4.729,6.7187,6.2545,16.7898,11.9506,0.0
8.2249,4.5136,9.5049,10.3409,11.2744,11.1377,12.3669,4.1642,7.4913,4.7327,4.3589,4.4854,7.3275,9.583,5.4486,4.7374,8.0955,8.3294,10.5281,12.3933,9.5938,4.8539,5.973,11.1185,6.6707,4.1552,7.2503,6.8937,3.9538,11.1343,6.9657,5.1079,13.2277,11.6134,7.7043,5.8836,8.8856,3.9636,10.2807,4.1726,5.345,6.8186,8.762,5.4264,4.157,7.7676,5.7174,15.8019,11.2324,1.0
6.666,5.1219,9.0018,9.3772,12.8865,9.8198,12.6116,4.6133,9.2563,5.0529,4.6123,7.531,7.1246,9.3401,5.5085,4.9735,7.3788,7.6959,9.3207,11.6067,9.4967,5.5758,5.3747,12.3653,5.5056,4.8993,6.7276,9.1855,4.7974,10.6694,5.1621,5.3114,13.3958,11.4385,7.1856,5.8897,9.4685,4.5329,11.4843,4.7759,5.5914,7.9605,8.5124,5.7156,4.6613,7.2463,5.5496,16.4681,11.3009,0.0
7.8026,4.8676,9.0664,8.9295,11.9256,11.3983,9.7175,4.5291,7.1395,5.2142,4.5667,5.1908,8.6059,8.4048,5.54,5.1924,7.3869,9.6585,10.8292,11.2423,9.7043,5.133,5.9032,7.8437,7.469,4.6134,9.3621,7.2147,4.3048,10.5292,5.1417,5.9338,11.5587,9.6595,8.2394,6.8269,8.138,4.3975,9.7822,4.5597,6.8597,6.87,9.4812,6.071,4.4297,6.7702,5.8945,16.2765,10.5847,1.0
8.0186,5.1174,8.4537,10.6257,12.1576,10.6714,11.6131,4.8804,8.6535,5.06,5.0091,5.3928,6.7687,9.3117,6.1797,4.8702,6.8077,8.2381,11.2202,12.3859,10.355,4.9626,5.9292,11.0852,6.6138,4.9155,8.1077,7.5382,4.7849,10.8037,8.2334,5.4781,12.8673,11.0818,7.657,5.9036,8.1657,4.7664,9.2481,5.3047,6.2628,7.2838,8.8263,5.7007,4.5967,7.2811,6.001,15.8377,10.4595,0.0
7.9688,5.9609,9.2289,9.0802,12.9124,10.8741,9.894,5.216,7.8332,5.4485,5.2744,5.8614,8.3962,7.991,5.7685,5.3546,7.1066,8.6797,11.0188,11.7251,9.7146,5.8224,6.2573,7.5683,6.2049,5.1761,8.2736,6.8434,5.1317,10.6494,6.3052,5.9685,10.482,9.628,7.6108,5.496,8.7321,5.0916,10.0537,7.7207,6.5245,7.4122,10.9591,6.5947,5.0826,6.4149,6.5334,15.651,11.3943,0.0
7.543,4.5707,9.4941,8.7517,11.4805,9.9849,11.1515,4.6575,8.3837,4.6209,4.6034,5.4674,10.2469,8.623,6.3462,4.6224,5.56,9.0198,10.7739,11.2014,10.1598,4.6869,5.0117,10.8194,5.688,4.654,7.4991,9.0613,4.7099,9.0223,8.7301,5.1972,12.7338,9.8955,7.4464,4.7614,9.2985,4.4348,9.7751,6.9797,5.5169,8.5962,8.2812,5.2668,4.4563,6.5884,5.7047,16.1742,11.5185,0.0
7.8105,4.7186,8.8511,10.7115,13.7149,10.6125,12.4171,4.4671,8.606,4.6562,4.9151,5.3052,7.771,9.287,5.6608,4.738,7.5368,7.903,10.0537,12.3189,9.6568,4.9178,5.4597,10.4381,5.7881,4.5526,8.3864,6.9705,4.4797,11.0261,5.5488,5.1833,13.2262,11.1946,7.2628,5.76,9.2144,4.3783,10.2184,5.0926,6.5331,6.1183,9.9035,5.8503,4.3056,7.2741,5.869,16.6131,10.7059,1.0
8.9349,6.1598,9.7202,10.093,12.5589,11.4592,10.0957,5.6546,7.352,6.1878,5.7781,6.1132,8.4828,9.8511,6.0764,5.9079,7.5743,8.8249,10.8909,13.0573,9.7095,5.9524,6.6233,9.5814,6.7472,5.6515,8.8811,7.7061,5.7681,10.451,8.1927,5.8563,13.5406,11.8223,7.1856,6.183,7.9558,5.516,10.27,5.5229,7.0001,7.7141,9.0287,6.3141,5.6608,8.1539,6.2869,14.6671,11.3546,1.0
8.5467,5.9951,9.131,9.8144,12.1188,11.1329,12.2665,6.0132,7.9578,6.0076,6.7361,5.8754,9.8179,9.429,6.3179,5.9663,7.4609,8.4858,10.7639,12.3985,9.128,5.8907,6.662,11.4341,6.6109,6.2608,8.0871,7.436,5.6368,10.2927,6.266,6.1889,12.0719,10.6232,8.2657,6.3532,9.2161,5.7708,10.5602,6.0799,6.4318,7.9267,8.8622,6.6608,5.9273,7.7366,7.265,16.0114,11.1906,0.0
9.4385,5.6221,9.7535,9.2414,11.5422,11.5963,9.2675,5.4453,7.4014,5.7334,5.4149,5.5689,9.4437,9.1472,6.0285,5.5091,7.7421,9.0097,10.8265,12.2121,10.2455,5.7439,6.2235,8.9169,7.6308,5.2876,7.9708,7.915,5.4337,10.2416,9.3959,5.7243,12.9587,11.2537,7.5535,6.0061,7.8994,5.3795,10.2558,5.4505,6.0326,10.0031,9.0636,5.874,5.5757,7.4287,6.0207,14.8607,12.0063,1.0
8.8431,6.2057,9.501,9.7364,12.7043,11.5663,11.6562,5.9406,8.1544,6.2195,6.4798,5.9659,7.9883,9.2728,5.9676,6.1918,8.0348,8.6371,11.4778,12.1157,9.8128,6.7942,7.0499,10.6774,7.4278,6.0236,8.5778,7.441,6.0222,10.0803,6.501,6.1531,12.2118,10.5409,8.6598,6.2927,8.8839,5.9073,10.927,5.8355,6.683,8.1259,9.8639,6.7967,5.9007,7.6513,7.4756,16.2259,10.8608,1.0
8.2328,6.4303,9.5949,8.8139,13.5357,11.1251,10.3485,5.6861,8.95,5.7569,5.6564,5.9729,7.8777,8.4479,6.6355,5.7485,6.1303,8.5904,10.6578,11.2067,9.883,5.9367,6.6341,9.3083,7.1012,5.6678,8.1636,7.421,5.5316,9.2437,9.2229,5.9348,10.6022,9.7315,7.93,6.1317,9.1588,5.822,8.8119,5.4917,6.747,7.1965,9.7021,6.4052,5.7961,6.8701,6.6828,17.1393,11.7778,0.0
8.9961,6.0539,9.8612,10.5521,11.363,11.2033,11.2197,4.4524,7.8342,4.9894,4.6439,4.6555,7.2813,9.8601,5.9371,4.8002,7.9911,8.4777,10.1625,13.8815,10.5657,4.9503,6.3647,9.2589,6.6638,4.4968,7.4692,6.7766,4.1027,11.1413,5.7921,4.9233,13.7996,11.7735,7.8236,5.9513,8.4424,4.2802,10.6038,4.1606,6.3516,7.6402,9.8418,5.5885,4.2246,8.2307,6.2232,16.1534,11.6655,0.0
7.2273,4.9102,7.7568,9.7548,12.5041,10.0023,11.9483,4.6333,9.2869,4.9835,4.5944,4.8595,7.0543,9.1098,5.6162,4.7496,6.0714,8.165,10.07,11.6947,10.0131,4.9626,5.2415,11.05,6.0872,4.7635,7.7136,7.2665,4.6224,10.1735,7.0704,4.7754,12.0739,10.5882,7.2178,5.455,9.0817,4.6705,9.3825,4.6019,5.303,6.5845,9.8614,5.7468,4.3917,6.9706,5.8494,16.8623,11.8533,0.0
9.2479,5.2737,9.7682,10.5276,12.7759,11.6272,9.9344,4.9488,8.0329,5.04,5.5287,5.3918,7.8383,8.91,5.2985,5.2346,7.8349,8.6086,10.8456,12.9808,10.0007,5.3023,6.1335,10.5226,7.3336,4.7341,7.7337,7.7425,5.8108,11.1393,5.6898,5.363,13.2351,11.6139,7.5131,6.1312,7.2376,4.6278,10.3003,4.9056,6.874,7.481,10.3386,5.3802,4.9309,7.1246,5.7591,14.6641,10.7208,1.0
7.6767,5.9783,7.7686,10.8701,11.1778,10.2543,10.5483,4.9509,8.5942,5.3731,5.019,5.0754,7.8845,9.8937,6.4125,5.468,6.846,7.8827,10.6877,12.1712,10.0265,5.4939,5.8163,8.968,5.9832,4.949,7.2341,8.4742,4.813,10.9389,6.5567,5.637,13.5287,11.3616,8.2353,5.7313,9.6081,5.0639,9.8187,4.9247,6.0269,10.8574,9.2059,6.4451,4.8182,7.6687,6.2788,16.3549,11.9755,0.0
8.3578,4.8413,9.9306,9.0601,13.1324,10.9803,9.851,4.5649,8.2463,5.1436,6.2235,4.8844,6.3627,8.5383,5.1799,5.2124,6.4016,8.1243,10.4102,11.746,10.735,5.2843,5.5078,8.679,7.4896,4.6337,7.7578,7.4106,4.487,9.8358,6.8736,5.4226,12.3645,10.5724,6.943,5.4222,8.2334,4.5116,9.7768,4.7608,5.9486,8.2994,9.4848,5.9924,4.323,7.2068,5.9211,15.8287,13.0931,0.0
8.7679,5.6282,10.1597,9.025,11.9764,10.8828,9.5714,5.1749,8.5082,5.6792,5.402,6.0206,8.8627,9.1062,6.4691,5.7074,7.1147,8.0614,10.3467,12.1555,10.2063,5.8145,6.118,9.6197,7.1816,5.3302,8.2976,6.9311,5.7014,10.2707,7.223,5.4494,13.2707,11.2409,6.9564,5.6611,8.7286,5.1332,10.7071,5.4726,7.8673,6.4151,9.4874,6.2032,5.2456,7.2583,6.2406,13.9254,10.7068,1.0
7.3515,4.7253,8.6661,9.7759,12.9831,11.3076,12.1966,4.7321,8.354,5.2048,4.6944,4.8456,7.0332,8.9905,6.3668,5.0113,6.1615,7.9741,10.6306,12.1283,9.7683,5.4637,5.6391,11.5656,6.5216,4.7635,7.7229,7.2605,4.9536,10.5141,8.7354,5.2677,12.2825,10.4827,7.2605,5.1751,8.5578,4.6385,9.8543,4.625,5.7881,7.1729,8.4194,5.7456,4.6213,7.1511,5.8331,16.4354,11.3615,0.0
6.5086,4.7808,7.8968,8.5747,11.3102,10.0419,12.029,4.7248,8.1366,5.1412,4.8973,4.9988,8.402,9.174,5.5999,5.1113,7.1352,7.5009,9.9711,10.9805,8.9411,5.6004,5.4948,10.7888,6.0097,4.7411,7.0682,7.428,5.0359,12.566,5.1316,6.1472,12.4575,10.4896,7.7049,5.0234,9.8762,4.7718,10.286,4.8241,8.8672,7.025,10.6206,5.7131,4.7218,6.9523,5.5831,17.0708,10.0571,1.0
7.9049,4.8788,7.057,7.4612,11.836,10.7332,9.298,4.8626,7.9983,5.2907,4.7716,7.4673,8.4337,7.2024,6.0981,5.0418,6.8612,8.035,9.8341,10.506,9.3325,5.448,5.6072,8.5118,6.3598,4.8689,6.9853,7.4126,4.5485,9.4501,5.5435,4.7823,10.2759,9.0787,8.2809,4.9357,8.7078,4.3325,10.7205,4.3858,8.2407,6.6728,9.418,5.8453,4.3968,5.7611,6.4385,16.3251,11.295,1.0
8.2162,6.3015,8.2609,10.3041,11.7772,11.0942,10.8827,5.9543,8.3481,6.216,5.9256,6.1768,9.2542,9.6014,6.9282,6.0035,6.9326,7.9314,10.7095,12.6739,9.7363,6.4803,6.77,8.7466,6.7913,6.0672,7.9423,7.5591,5.9857,10.8067,7.8835,5.9973,12.6438,10.8793,8.1464,6.1461,8.4415,6.0064,10.0403,5.7652,6.81,7.3352,9.2475,6.7556,5.8781,8.0859,7.0265,16.2715,11.0883,0.0
6.8147,6.6123,8.2951,10.7685,12.5808,9.759,9.1878,6.2225,8.7039,6.3008,6.5075,6.3301,7.3217,10.7044,6.6486,6.4318,7.3423,7.8766,9.9221,12.8206,9.9129,6.9903,6.7924,8.6347,6.452,6.1564,7.5899,8.7389,6.494,10.3278,7.2003,6.3507,14.4947,11.4375,8.5534,6.2896,9.8432,6.1013,9.9495,6.1472,7.0288,7.0713,8.7523,7.0324,6.1867,7.4708,6.8471,17.6288,14.0994,0.0
9.1264,4.4016,9.1036,10.8316,12.7869,11.6986,11.9448,4.1831,8.0526,5.2331,4.1719,4.3351,7.9672,9.031,5.6303,4.8768,7.1977,8.6036,10.4446,13.4123,10.4448,5.6766,5.9766,11.3309,6.4,4.3265,7.7769,7.4699,4.3298,9.8108,11.2664,4.4557,12.8999,11.37,7.9815,4.8962,8.4008,4.1587,9.7208,4.1877,4.9859,7.4687,9.4946,6.2518,3.9581,7.0939,6.0253,15.9429,11.4658,0.0
8.4251,5.2445,9.1349,10.2691,12.8178,11.6397,9.0596,4.6564,7.5822,5.0329,4.8627,5.9579,9.0839,9.3948,5.5814,5.7252,8.8461,8.5822,10.7703,12.608,9.7219,4.9783,5.8741,8.0099,6.8737,4.582,7.6758,7.1175,4.4193,11.3197,5.6418,6.7358,12.5262,11.1257,7.9294,5.3443,7.9732,4.3933,10.2184,5.361,6.4901,7.6093,8.7091,5.6308,4.5158,7.4429,5.9061,15.8863,10.8201,1.0
8.9034,4.1339,9.7359,10.3506,11.116,11.3704,12.2585,3.938,7.7374,4.13,4.4153,4.2356,8.6646,9.7691,5.2474,3.9891,7.9108,8.1609,10.5353,13.5977,10.1133,5.0579,6.5291,11.5309,6.7482,3.7223,7.6665,6.7187,3.7455,11.1533,5.2624,4.6255,13.3181,11.77,7.3418,5.8144,8.5439,3.7205,10.7997,3.8087,5.9515,6.6975,9.2079,5.1757,3.9151,7.931,5.3366,15.6987,10.9582,1.0
8.3587,3.8706,7.1862,9.3194,12.3209,11.1367,10.1934,3.8213,8.5784,4.2489,4.7617,5.2376,7.7758,8.4674,5.6445,4.1974,6.4908,7.7274,11.4914,10.9941,9.7849,4.2408,4.9838,8.2903,6.5863,3.8297,8.3948,7.423,3.5893,10.9209,6.375,8.1434,11.6245,10.2202,7.4447,4.5733,9.2196,3.7439,8.9347,3.8348,7.6066,5.6028,10.392,4.5997,3.6331,7.1227,5.1884,15.8009,10.7704,0.0
7.3288,4.5058,8.3519,9.5279,11.6408,10.8075,10.6048,4.2925,8.6199,4.8658,4.3827,6.337,5.9799,8.7045,5.602,4.643,6.9906,8.3365,10.5571,11.7733,9.0123,4.9649,5.5646,8.4648,6.1127,4.3478,8.7899,8.4234,4.1631,11.1564,5.0201,5.0493,12.061,10.5118,7.6786,4.908,9.4008,4.3687,9.7457,4.423,5.9113,6.8967,8.892,5.7156,4.3835,6.669,5.582,16.7263,11.0069,1.0
8.7661,5.9015,9.7075,10.8027,12.5738,11.0006,13.6459,5.8807,8.8185,5.9229,6.3303,6.1957,9.5043,9.6398,6.282,5.7885,7.4404,7.9954,10.5734,13.9516,8.9369,6.3783,6.7653,12.848,7.1267,5.7002,8.3727,8.0799,6.0972,9.401,6.1201,6.6594,12.9686,12.5735,8.3054,5.9789,8.8839,5.7228,10.9849,5.8014,6.3048,8.2933,10.7881,6.7244,5.9068,7.0936,6.8888,16.8583,10.6145,1.0
8.2303,5.2293,10.253,8.6478,12.085,11.979,7.7579,4.8933,9.462,6.3481,5.0302,6.1559,8.5661,8.6082,5.5062,5.2109,6.5713,8.0981,10.431,11.796,10.332,5.3453,6.0941,7.0747,6.4767,5.12,8.3558,7.2879,5.0628,11.439,5.9571,5.1605,12.193,10.771,6.9315,5.4053,8.0087,4.8705,9.9985,5.0297,8.6714,7.0718,11.394,5.6212,4.8937,7.7595,5.9294,14.87,11.644,1.0
7.7804,5.9361,9.727,8.3253,12.343,10.688,7.8799,4.9211,8.3875,5.2466,5.176,5.1449,8.4238,8.1674,5.5819,6.37,6.0185,7.6498,10.277,11.346,11.554,5.4669,5.9302,7.1,6.8988,5.1063,7.4322,7.2909,5.2679,9.696,6.5436,5.2954,11.906,9.8227,7.0355,5.7723,8.3511,4.8449,8.8976,4.9454,5.8565,10.778,10.359,5.8684,5.08,6.5971,5.9294,14.698,11.189,0.0
7.4389,4.8855,9.3483,10.0466,12.4424,10.4377,12.7218,4.7637,9.8018,5.2001,5.8543,4.9262,9.4956,8.8359,4.995,4.9724,6.4489,8.4086,10.1861,12.5692,11.0222,5.4334,5.6557,12.2899,6.3245,4.658,8.0297,7.5476,4.8745,10.3618,5.4756,5.1258,13.0977,11.0207,7.7616,5.4868,9.4616,4.3645,10.1712,4.5084,6.2743,7.4492,11.1692,6.1234,4.3374,6.591,6.2892,16.5317,10.5926,1.0
7.7921,5.8023,7.9066,8.7754,12.633,10.6,10.161,5.1316,8.7494,5.6345,5.5198,6.942,9.1484,9.2288,6.3409,5.9501,7.0477,7.1394,11.021,11.586,9.7335,5.5804,5.8317,10.048,6.449,5.458,7.9403,7.5596,5.2819,11.095,5.6069,6.0549,12.718,11.019,6.8751,5.5494,8.2403,5.3539,9.751,5.186,6.1941,6.7323,10.01,5.7917,5.3039,7.2185,6.0065,14.186,10.204,1.0
8.7056,5.7649,9.436,9.3106,11.544,12.069,9.6948,5.3555,8.2157,5.8864,5.8704,5.7812,8.2372,8.8304,6.1169,5.666,7.9486,8.6402,10.537,12.537,9.1915,5.8933,6.4387,10.465,6.9257,5.4137,7.6657,7.451,5.4419,10.559,6.3377,6.0298,12.016,10.687,7.6702,6.3159,8.0586,5.2818,11.034,5.4743,6.3965,8.0288,9.5058,6.1289,5.3769,7.3343,6.674,14.849,10.726,0.0
8.4156,5.9131,11.149,7.9371,12.62,11.861,8.1744,5.7361,7.4991,5.8674,5.8704,6.0347,7.2236,8.0882,6.359,5.9775,6.7904,8.2192,9.9793,10.874,9.6236,5.9571,6.3412,9.7979,7.5583,5.7719,7.9184,7.7797,5.7043,9.2947,6.7198,6.2144,10.506,9.1421,7.2515,6.0792,8.6157,5.674,9.7387,5.8166,6.5947,8.7161,9.1606,6.2994,5.6959,6.5797,6.556,15.025,12.169,0.0
8.7591,6.266,10.898,9.0636,12.577,11.481,9.5365,6.2328,7.7473,6.302,5.9622,6.0823,8.4818,9.4896,6.2843,6.4912,7.7653,8.3202,10.221,12.345,10.348,6.4715,7.0767,10.902,7.4945,7.3184,7.7342,7.9154,6.2016,10.832,6.6973,6.7428,12.673,11.265,7.9165,6.1261,8.2906,6.4745,10.939,6.3875,6.4357,7.5292,10.207,6.9999,5.6083,8.288,7.2473,13.921,11.156,0.0
8.1016,5.534,9.179,9.9415,12.064,10.522,11.76,4.7667,8.361,5.1789,4.8844,5.2038,7.0053,9.7788,5.7784,5.4662,7.4449,7.8613,10.001,13.824,10.764,5.2183,5.6709,12.672,6.7128,4.796,6.9975,7.6563,4.7476,11.549,7.4048,5.0345,14.044,12.264,6.6926,5.5412,8.1362,4.76,10.45,5.0171,5.5876,6.7601,9.8339,6.0385,4.8857,7.2678,6.5089,15.048,12.211,0.0
8.0449,5.8377,9.4292,9.0092,12.45,11.076,8.343,5.6108,9.3741,5.7322,5.5818,5.8176,9.6488,8.9155,6.2121,5.9523,6.8004,7.4837,9.9403,11.716,11.593,5.7609,6.4213,8.2914,7.1777,5.6829,8.5468,7.74,5.6592,10.101,8.751,5.8198,12.241,10.773,6.9796,6.4501,8.9309,5.5737,9.6526,5.7323,6.6615,6.2827,9.7437,5.836,5.5944,7.3087,6.2281,13.528,10.516,0.0
8.4483,5.9338,11.491,8.4712,11.945,11.598,8.8585,5.2441,7.6166,5.9853,5.3636,5.6933,6.9087,8.7456,5.8917,5.6643,6.7724,8.5474,10.3,11.27,10.918,5.8247,6.1692,9.7505,7.1539,5.4626,8.0913,8.1432,5.2669,9.4594,10.964,5.8685,11.842,10.483,7.4671,5.8579,8.3655,5.2152,9.6344,5.3245,6.0263,7.2973,8.5582,6.4913,5.3148,7.1217,6.6414,15.383,11.099,0.0
7.2905,5.4911,8.5735,8.9314,11.787,11.044,9.7223,5.4075,9.2146,5.55,5.3136,5.9024,10.407,8.9675,5.8463,5.5755,7.547,7.7494,9.8384,11.299,10.146,5.5647,6.0653,10.215,6.4124,5.4802,7.7718,7.3513,5.2999,10.697,6.4274,5.5216,11.436,10.048,6.936,5.7252,8.1077,5.3338,10.148,5.3999,5.7196,6.6081,9.8454,5.9489,5.3831,6.8338,6.3008,14.321,10.27,0.0
8.6111,5.8299,12.897,9.3106,12.208,12.218,9.2232,5.5783,8.1248,5.8575,5.848,5.858,10.227,9.1984,6.2308,5.9593,7.3832,8.5533,10.469,11.829,10.202,5.8696,6.3374,10.82,6.6416,5.676,7.7615,7.4183,5.6328,9.9944,8.4129,5.8614,12.182,11.052,7.1251,5.9994,8.441,5.5263,11.161,5.6648,6.1139,8.6844,8.8124,6.0531,5.5992,7.4567,6.4146,15.187,11.788,0.0
8.4214,5.4623,8.965,9.3312,12.244,11.549,11.329,5.0928,7.5901,5.7256,5.2851,5.3115,7.0068,9.3777,5.7537,5.4493,7.0475,8.1987,10.198,12.382,9.8149,5.7152,6.249,10.701,6.9278,5.1435,7.4043,7.6514,5.0929,10.829,6.6858,5.4942,13.193,11.314,7.3444,5.8017,8.1886,5.0857,10.686,5.1399,6.6966,8.2304,9.3438,6.0049,5.0357,7.7669,6.1595,14.283,11.072,1.0
7.7685,6.1518,9.2259,10.358,12.153,11.41,11.0,5.7238,7.5605,6.2973,5.984,5.9201,7.6642,9.5411,6.3648,5.9573,7.4422,7.8308,10.512,12.441,11.668,6.161,6.915,9.3508,7.0306,6.0014,8.2367,7.5212,5.9944,10.404,6.5834,6.2494,12.52,11.068,8.1229,6.7961,8.6107,5.9627,9.7795,5.9813,7.0135,6.6163,9.7476,6.7667,6.0542,7.9842,6.8758,15.166,10.787,0.0
9.2784,5.7552,10.011,8.941,12.057,11.919,8.1598,5.1726,7.1079,5.5651,5.3298,5.3192,8.2124,9.0864,5.9928,5.7806,7.4493,8.4542,10.478,12.139,10.693,5.5815,6.5966,9.5275,7.0983,5.2411,7.5609,7.7305,5.935,10.244,10.79,5.4534,12.404,11.347,7.2891,6.4855,7.3669,4.9796,11.005,5.6304,6.2886,9.3684,9.2832,6.2518,5.3408,7.6722,6.4556,13.63,12.091,0.0
9.4472,5.3951,9.3864,10.135,11.836,11.159,10.563,4.9665,8.9391,5.3602,5.208,5.6236,8.2259,9.4129,5.8328,5.4584,7.3744,8.7374,10.482,13.277,9.9039,5.7272,6.1072,10.361,7.6229,5.0383,7.3681,7.279,5.158,11.391,6.5025,5.6727,13.772,11.811,7.7592,5.3786,8.1475,4.8741,10.611,4.9699,6.1377,7.3762,9.7918,6.1745,5.1829,7.4351,5.8549,15.423,10.14,0.0
7.4293,5.0328,8.6269,11.3669,12.4135,10.2417,13.7553,4.688,9.4629,5.6686,4.8854,5.2764,7.7594,10.8958,5.7228,5.2641,9.6805,8.63,9.3769,12.9745,9.9336,5.3393,5.6064,13.2891,6.9384,5.2075,6.0857,8.2694,4.7693,12.1703,5.81,4.8836,14.8719,13.0243,7.3014,5.6021,9.3271,4.5681,10.7329,5.2343,5.622,6.6287,9.0893,6.3104,4.4912,8.6117,6.126,16.2437,11.891,1.0
7.939,6.5634,10.466,8.5861,12.874,11.51,7.5601,5.5713,8.7326,5.505,5.1685,5.4167,7.0562,8.3009,6.8947,5.4151,6.4667,7.5191,10.531,11.143,10.59,5.0849,5.8198,6.576,7.1453,5.0809,7.8377,7.3582,4.7924,8.9012,8.1878,5.3283,11.493,9.5926,7.2306,6.0497,8.9585,5.066,9.3941,5.1579,5.9085,6.5865,9.7512,5.6246,5.1409,6.6596,6.3237,15.074,12.007,0.0
8.2266,4.6659,9.2602,9.0224,12.99,11.697,8.5443,4.5227,8.358,5.7511,5.3288,5.2386,6.8312,8.2357,5.1159,5.5018,6.7336,8.5273,10.434,11.282,10.673,6.3247,5.7528,7.92,6.5814,4.9085,7.7931,7.116,4.8455,9.4202,9.8005,4.964,11.408,10.33,7.275,5.5637,7.9576,4.2664,9.5837,4.6532,5.8225,7.9862,9.4327,6.3977,4.5023,6.7279,6.3109,14.991,12.186,0.0
8.8284,6.3434,9.625,10.229,12.169,11.626,9.5813,4.9415,7.7291,5.8699,5.1617,5.6317,8.262,10.397,5.6086,5.4746,8.6799,8.1958,10.325,13.272,11.052,5.6199,6.4021,8.4459,6.8791,5.1807,7.4115,7.3725,4.997,12.621,7.2325,5.8431,13.597,12.698,7.3676,6.4708,8.1818,5.0073,11.259,5.0466,7.6046,7.449,9.9912,6.2781,5.0727,8.7864,6.761,14.251,11.571,1.0
9.8266,6.2744,11.185,9.7163,12.717,11.873,9.4227,5.6733,7.9855,6.2843,6.5441,5.8515,7.7584,9.8124,6.0036,6.1612,7.4467,8.6166,10.209,13.951,11.735,6.0669,6.967,11.525,7.6563,5.6963,7.4628,7.3831,5.8798,11.513,6.8155,5.9,14.155,12.748,7.4961,7.1442,7.2533,5.5714,11.116,5.6224,6.6439,8.0457,10.089,6.2892,5.6586,8.7144,6.4985,13.825,11.865,0.0
9.2783,5.6372,10.747,10.104,12.663,11.996,8.7719,5.2683,8.2117,5.583,5.3259,5.2974,8.8486,9.9085,5.7528,5.5633,7.0448,8.481,10.865,14.456,9.2629,5.9545,6.4626,7.7225,7.746,5.2854,7.9484,8.1326,5.1908,10.906,5.6721,5.3512,14.341,12.583,6.7399,5.4726,7.9051,5.1514,10.922,5.2173,5.7678,7.2801,9.9135,5.5652,5.1911,8.4529,5.9135,14.861,11.696,1.0
7.7288,5.8038,12.099,8.6339,12.423,11.324,8.8132,5.3964,7.9356,5.9012,5.6144,5.6034,9.515,8.9564,5.9024,5.9053,6.6166,7.8461,10.263,11.591,10.747,5.5695,6.3098,10.827,7.6952,5.5096,7.7284,7.4515,5.4447,9.9255,6.7368,5.8999,11.505,10.454,7.1802,6.0879,8.6073,5.4177,10.048,5.3463,6.3012,6.6648,8.7165,6.2931,5.4144,6.8717,6.8555,15.534,11.074,0.0
